,mean_test_score,mean_fit_time,params,rank_test_scores,status,budgets,param_balancing:strategy,param_classifier:__choice__,param_data_preprocessing:categorical_transformer:categorical_encoding:__choice__,param_data_preprocessing:categorical_transformer:category_coalescence:__choice__,param_data_preprocessing:numerical_transformer:imputation:strategy,param_data_preprocessing:numerical_transformer:rescaling:__choice__,param_feature_preprocessor:__choice__,param_classifier:adaboost:algorithm,param_classifier:adaboost:learning_rate,param_classifier:adaboost:max_depth,param_classifier:adaboost:n_estimators,param_classifier:bernoulli_nb:alpha,param_classifier:bernoulli_nb:fit_prior,param_classifier:decision_tree:criterion,param_classifier:decision_tree:max_depth_factor,param_classifier:decision_tree:max_features,param_classifier:decision_tree:max_leaf_nodes,param_classifier:decision_tree:min_impurity_decrease,param_classifier:decision_tree:min_samples_leaf,param_classifier:decision_tree:min_samples_split,param_classifier:decision_tree:min_weight_fraction_leaf,param_classifier:extra_trees:bootstrap,param_classifier:extra_trees:criterion,param_classifier:extra_trees:max_depth,param_classifier:extra_trees:max_features,param_classifier:extra_trees:max_leaf_nodes,param_classifier:extra_trees:min_impurity_decrease,param_classifier:extra_trees:min_samples_leaf,param_classifier:extra_trees:min_samples_split,param_classifier:extra_trees:min_weight_fraction_leaf,param_classifier:gradient_boosting:early_stop,param_classifier:gradient_boosting:l2_regularization,param_classifier:gradient_boosting:learning_rate,param_classifier:gradient_boosting:loss,param_classifier:gradient_boosting:max_bins,param_classifier:gradient_boosting:max_depth,param_classifier:gradient_boosting:max_leaf_nodes,param_classifier:gradient_boosting:min_samples_leaf,param_classifier:gradient_boosting:scoring,param_classifier:gradient_boosting:tol,param_classifier:k_nearest_neighbors:n_neighbors,param_classifier:k_nearest_neighbors:p,param_classifier:k_nearest_neighbors:weights,param_classifier:lda:shrinkage,param_classifier:lda:tol,param_classifier:liblinear_svc:C,param_classifier:liblinear_svc:dual,param_classifier:liblinear_svc:fit_intercept,param_classifier:liblinear_svc:intercept_scaling,param_classifier:liblinear_svc:loss,param_classifier:liblinear_svc:multi_class,param_classifier:liblinear_svc:penalty,param_classifier:liblinear_svc:tol,param_classifier:libsvm_svc:C,param_classifier:libsvm_svc:gamma,param_classifier:libsvm_svc:kernel,param_classifier:libsvm_svc:max_iter,param_classifier:libsvm_svc:shrinking,param_classifier:libsvm_svc:tol,param_classifier:mlp:activation,param_classifier:mlp:alpha,param_classifier:mlp:batch_size,param_classifier:mlp:beta_1,param_classifier:mlp:beta_2,param_classifier:mlp:early_stopping,param_classifier:mlp:epsilon,param_classifier:mlp:hidden_layer_depth,param_classifier:mlp:learning_rate_init,param_classifier:mlp:n_iter_no_change,param_classifier:mlp:num_nodes_per_layer,param_classifier:mlp:shuffle,param_classifier:mlp:solver,param_classifier:mlp:tol,param_classifier:multinomial_nb:alpha,param_classifier:multinomial_nb:fit_prior,param_classifier:passive_aggressive:C,param_classifier:passive_aggressive:average,param_classifier:passive_aggressive:fit_intercept,param_classifier:passive_aggressive:loss,param_classifier:passive_aggressive:tol,param_classifier:qda:reg_param,param_classifier:random_forest:bootstrap,param_classifier:random_forest:criterion,param_classifier:random_forest:max_depth,param_classifier:random_forest:max_features,param_classifier:random_forest:max_leaf_nodes,param_classifier:random_forest:min_impurity_decrease,param_classifier:random_forest:min_samples_leaf,param_classifier:random_forest:min_samples_split,param_classifier:random_forest:min_weight_fraction_leaf,param_classifier:sgd:alpha,param_classifier:sgd:average,param_classifier:sgd:fit_intercept,param_classifier:sgd:learning_rate,param_classifier:sgd:loss,param_classifier:sgd:penalty,param_classifier:sgd:tol,param_data_preprocessing:categorical_transformer:category_coalescence:minority_coalescer:minimum_fraction,param_data_preprocessing:numerical_transformer:rescaling:quantile_transformer:n_quantiles,param_data_preprocessing:numerical_transformer:rescaling:quantile_transformer:output_distribution,param_data_preprocessing:numerical_transformer:rescaling:robust_scaler:q_max,param_data_preprocessing:numerical_transformer:rescaling:robust_scaler:q_min,param_feature_preprocessor:extra_trees_preproc_for_classification:bootstrap,param_feature_preprocessor:extra_trees_preproc_for_classification:criterion,param_feature_preprocessor:extra_trees_preproc_for_classification:max_depth,param_feature_preprocessor:extra_trees_preproc_for_classification:max_features,param_feature_preprocessor:extra_trees_preproc_for_classification:max_leaf_nodes,param_feature_preprocessor:extra_trees_preproc_for_classification:min_impurity_decrease,param_feature_preprocessor:extra_trees_preproc_for_classification:min_samples_leaf,param_feature_preprocessor:extra_trees_preproc_for_classification:min_samples_split,param_feature_preprocessor:extra_trees_preproc_for_classification:min_weight_fraction_leaf,param_feature_preprocessor:extra_trees_preproc_for_classification:n_estimators,param_feature_preprocessor:fast_ica:algorithm,param_feature_preprocessor:fast_ica:fun,param_feature_preprocessor:fast_ica:whiten,param_feature_preprocessor:feature_agglomeration:affinity,param_feature_preprocessor:feature_agglomeration:linkage,param_feature_preprocessor:feature_agglomeration:n_clusters,param_feature_preprocessor:feature_agglomeration:pooling_func,param_feature_preprocessor:kernel_pca:kernel,param_feature_preprocessor:kernel_pca:n_components,param_feature_preprocessor:kitchen_sinks:gamma,param_feature_preprocessor:kitchen_sinks:n_components,param_feature_preprocessor:liblinear_svc_preprocessor:C,param_feature_preprocessor:liblinear_svc_preprocessor:dual,param_feature_preprocessor:liblinear_svc_preprocessor:fit_intercept,param_feature_preprocessor:liblinear_svc_preprocessor:intercept_scaling,param_feature_preprocessor:liblinear_svc_preprocessor:loss,param_feature_preprocessor:liblinear_svc_preprocessor:multi_class,param_feature_preprocessor:liblinear_svc_preprocessor:penalty,param_feature_preprocessor:liblinear_svc_preprocessor:tol,param_feature_preprocessor:nystroem_sampler:kernel,param_feature_preprocessor:nystroem_sampler:n_components,param_feature_preprocessor:pca:keep_variance,param_feature_preprocessor:pca:whiten,param_feature_preprocessor:polynomial:degree,param_feature_preprocessor:polynomial:include_bias,param_feature_preprocessor:polynomial:interaction_only,param_feature_preprocessor:random_trees_embedding:bootstrap,param_feature_preprocessor:random_trees_embedding:max_depth,param_feature_preprocessor:random_trees_embedding:max_leaf_nodes,param_feature_preprocessor:random_trees_embedding:min_samples_leaf,param_feature_preprocessor:random_trees_embedding:min_samples_split,param_feature_preprocessor:random_trees_embedding:min_weight_fraction_leaf,param_feature_preprocessor:random_trees_embedding:n_estimators,param_feature_preprocessor:select_percentile_classification:percentile,param_feature_preprocessor:select_percentile_classification:score_func,param_feature_preprocessor:select_rates_classification:alpha,param_feature_preprocessor:select_rates_classification:score_func,param_classifier:gradient_boosting:n_iter_no_change,param_classifier:gradient_boosting:validation_fraction,param_classifier:lda:shrinkage_factor,param_classifier:libsvm_svc:coef0,param_classifier:libsvm_svc:degree,param_classifier:mlp:validation_fraction,param_classifier:sgd:epsilon,param_classifier:sgd:eta0,param_classifier:sgd:l1_ratio,param_classifier:sgd:power_t,param_feature_preprocessor:fast_ica:n_components,param_feature_preprocessor:kernel_pca:coef0,param_feature_preprocessor:kernel_pca:degree,param_feature_preprocessor:kernel_pca:gamma,param_feature_preprocessor:nystroem_sampler:coef0,param_feature_preprocessor:nystroem_sampler:degree,param_feature_preprocessor:nystroem_sampler:gamma,param_feature_preprocessor:select_rates_classification:mode
0,0.8888888888888888,1.025977611541748,"{'balancing:strategy': 'none', 'classifier:__choice__': 'random_forest', 'data_preprocessing:categorical_transformer:categorical_encoding:__choice__': 'one_hot_encoding', 'data_preprocessing:categorical_transformer:category_coalescence:__choice__': 'minority_coalescer', 'data_preprocessing:numerical_transformer:imputation:strategy': 'mean', 'data_preprocessing:numerical_transformer:rescaling:__choice__': 'standardize', 'feature_preprocessor:__choice__': 'no_preprocessing', 'classifier:random_forest:bootstrap': 'True', 'classifier:random_forest:criterion': 'gini', 'classifier:random_forest:max_depth': 'None', 'classifier:random_forest:max_features': 0.5, 'classifier:random_forest:max_leaf_nodes': 'None', 'classifier:random_forest:min_impurity_decrease': 0.0, 'classifier:random_forest:min_samples_leaf': 1, 'classifier:random_forest:min_samples_split': 2, 'classifier:random_forest:min_weight_fraction_leaf': 0.0, 'data_preprocessing:categorical_transformer:category_coalescence:minority_coalescer:minimum_fraction': 0.01}",1,Success,0.0,none,random_forest,one_hot_encoding,minority_coalescer,mean,standardize,no_preprocessing,,,,,,,,,,,,,,,,,,,,,,,,,,,,,,,,,,,,,,,,,,,,,,,,,,,,,,,,,,,,,,,,,,,,,,,,,,,True,gini,None,0.5,None,0.0,1.0,2.0,0.0,,,,,,,,0.01,,,,,,,,,,,,,,,,,,,,,,,,,,,,,,,,,,,,,,,,,,,,,,,,,,,,,,,,,,,,,,,,,,,,,
1,0.0,0.46730566024780273,"{'balancing:strategy': 'weighting', 'classifier:__choice__': 'gradient_boosting', 'data_preprocessing:categorical_transformer:categorical_encoding:__choice__': 'no_encoding', 'data_preprocessing:categorical_transformer:category_coalescence:__choice__': 'no_coalescense', 'data_preprocessing:numerical_transformer:imputation:strategy': 'most_frequent', 'data_preprocessing:numerical_transformer:rescaling:__choice__': 'quantile_transformer', 'feature_preprocessor:__choice__': 'feature_agglomeration', 'classifier:gradient_boosting:early_stop': 'off', 'classifier:gradient_boosting:l2_regularization': 4.821686883442146e-05, 'classifier:gradient_boosting:learning_rate': 0.10161621495242192, 'classifier:gradient_boosting:loss': 'auto', 'classifier:gradient_boosting:max_bins': 255, 'classifier:gradient_boosting:max_depth': 'None', 'classifier:gradient_boosting:max_leaf_nodes': 535, 'classifier:gradient_boosting:min_samples_leaf': 10, 'classifier:gradient_boosting:scoring': 'loss', 'classifier:gradient_boosting:tol': 1e-07, 'data_preprocessing:numerical_transformer:rescaling:quantile_transformer:n_quantiles': 1000, 'data_preprocessing:numerical_transformer:rescaling:quantile_transformer:output_distribution': 'uniform', 'feature_preprocessor:feature_agglomeration:affinity': 'manhattan', 'feature_preprocessor:feature_agglomeration:linkage': 'complete', 'feature_preprocessor:feature_agglomeration:n_clusters': 364, 'feature_preprocessor:feature_agglomeration:pooling_func': 'mean'}",14,Crash,0.0,weighting,gradient_boosting,no_encoding,no_coalescense,most_frequent,quantile_transformer,feature_agglomeration,,,,,,,,,,,,,,,,,,,,,,,,off,4.821686883442146e-05,0.10161621495242192,auto,255.0,None,535.0,10.0,loss,1e-07,,,,,,,,,,,,,,,,,,,,,,,,,,,,,,,,,,,,,,,,,,,,,,,,,,,,,,,,,,,1000.0,uniform,,,,,,,,,,,,,,,,manhattan,complete,364.0,mean,,,,,,,,,,,,,,,,,,,,,,,,,,,,,,,,,,,,,,,,,,,,,,,,
2,0.0,0.4080512523651123,"{'balancing:strategy': 'none', 'classifier:__choice__': 'libsvm_svc', 'data_preprocessing:categorical_transformer:categorical_encoding:__choice__': 'no_encoding', 'data_preprocessing:categorical_transformer:category_coalescence:__choice__': 'no_coalescense', 'data_preprocessing:numerical_transformer:imputation:strategy': 'median', 'data_preprocessing:numerical_transformer:rescaling:__choice__': 'standardize', 'feature_preprocessor:__choice__': 'feature_agglomeration', 'classifier:libsvm_svc:C': 1198.7850746967626, 'classifier:libsvm_svc:gamma': 0.015219182148092949, 'classifier:libsvm_svc:kernel': 'rbf', 'classifier:libsvm_svc:max_iter': -1, 'classifier:libsvm_svc:shrinking': 'True', 'classifier:libsvm_svc:tol': 0.040610448809956276, 'feature_preprocessor:feature_agglomeration:affinity': 'cosine', 'feature_preprocessor:feature_agglomeration:linkage': 'average', 'feature_preprocessor:feature_agglomeration:n_clusters': 242, 'feature_preprocessor:feature_agglomeration:pooling_func': 'median'}",14,Crash,0.0,none,libsvm_svc,no_encoding,no_coalescense,median,standardize,feature_agglomeration,,,,,,,,,,,,,,,,,,,,,,,,,,,,,,,,,,,,,,,,,,,,,,,1198.7850746967626,0.015219182148092949,rbf,-1.0,True,0.040610448809956276,,,,,,,,,,,,,,,,,,,,,,,,,,,,,,,,,,,,,,,,,,,,,,,,,,,,,,,,,cosine,average,242.0,median,,,,,,,,,,,,,,,,,,,,,,,,,,,,,,,,,,,,,,,,,,,,,,,,
3,0.0,0.46512913703918457,"{'balancing:strategy': 'weighting', 'classifier:__choice__': 'mlp', 'data_preprocessing:categorical_transformer:categorical_encoding:__choice__': 'one_hot_encoding', 'data_preprocessing:categorical_transformer:category_coalescence:__choice__': 'no_coalescense', 'data_preprocessing:numerical_transformer:imputation:strategy': 'most_frequent', 'data_preprocessing:numerical_transformer:rescaling:__choice__': 'standardize', 'feature_preprocessor:__choice__': 'feature_agglomeration', 'classifier:mlp:activation': 'tanh', 'classifier:mlp:alpha': 0.00021148999718383549, 'classifier:mlp:batch_size': 'auto', 'classifier:mlp:beta_1': 0.9, 'classifier:mlp:beta_2': 0.999, 'classifier:mlp:early_stopping': 'train', 'classifier:mlp:epsilon': 1e-08, 'classifier:mlp:hidden_layer_depth': 3, 'classifier:mlp:learning_rate_init': 0.0007452270241186694, 'classifier:mlp:n_iter_no_change': 32, 'classifier:mlp:num_nodes_per_layer': 113, 'classifier:mlp:shuffle': 'True', 'classifier:mlp:solver': 'adam', 'classifier:mlp:tol': 0.0001, 'feature_preprocessor:feature_agglomeration:affinity': 'euclidean', 'feature_preprocessor:feature_agglomeration:linkage': 'complete', 'feature_preprocessor:feature_agglomeration:n_clusters': 247, 'feature_preprocessor:feature_agglomeration:pooling_func': 'max'}",14,Crash,0.0,weighting,mlp,one_hot_encoding,no_coalescense,most_frequent,standardize,feature_agglomeration,,,,,,,,,,,,,,,,,,,,,,,,,,,,,,,,,,,,,,,,,,,,,,,,,,,,,tanh,0.00021148999718383549,auto,0.9,0.999,train,1e-08,3.0,0.0007452270241186694,32.0,113.0,True,adam,0.0001,,,,,,,,,,,,,,,,,,,,,,,,,,,,,,,,,,,,,,,,,,,euclidean,complete,247.0,max,,,,,,,,,,,,,,,,,,,,,,,,,,,,,,,,,,,,,,,,,,,,,,,,
4,0.4444444444444444,0.4605293273925781,"{'balancing:strategy': 'weighting', 'classifier:__choice__': 'decision_tree', 'data_preprocessing:categorical_transformer:categorical_encoding:__choice__': 'one_hot_encoding', 'data_preprocessing:categorical_transformer:category_coalescence:__choice__': 'no_coalescense', 'data_preprocessing:numerical_transformer:imputation:strategy': 'mean', 'data_preprocessing:numerical_transformer:rescaling:__choice__': 'normalize', 'feature_preprocessor:__choice__': 'no_preprocessing', 'classifier:decision_tree:criterion': 'gini', 'classifier:decision_tree:max_depth_factor': 1.6785057002915527, 'classifier:decision_tree:max_features': 1.0, 'classifier:decision_tree:max_leaf_nodes': 'None', 'classifier:decision_tree:min_impurity_decrease': 0.0, 'classifier:decision_tree:min_samples_leaf': 4, 'classifier:decision_tree:min_samples_split': 20, 'classifier:decision_tree:min_weight_fraction_leaf': 0.0}",10,Success,0.0,weighting,decision_tree,one_hot_encoding,no_coalescense,mean,normalize,no_preprocessing,,,,,,,gini,1.6785057002915527,1.0,None,0.0,4.0,20.0,0.0,,,,,,,,,,,,,,,,,,,,,,,,,,,,,,,,,,,,,,,,,,,,,,,,,,,,,,,,,,,,,,,,,,,,,,,,,,,,,,,,,,,,,,,,,,,,,,,,,,,,,,,,,,,,,,,,,,,,,,,,,,,,,,,,,,,,,,,,,,,,,,,,,,
5,0.8888888888888888,1.0191385746002197,"{'balancing:strategy': 'none', 'classifier:__choice__': 'random_forest', 'data_preprocessing:categorical_transformer:categorical_encoding:__choice__': 'no_encoding', 'data_preprocessing:categorical_transformer:category_coalescence:__choice__': 'no_coalescense', 'data_preprocessing:numerical_transformer:imputation:strategy': 'median', 'data_preprocessing:numerical_transformer:rescaling:__choice__': 'quantile_transformer', 'feature_preprocessor:__choice__': 'random_trees_embedding', 'classifier:random_forest:bootstrap': 'True', 'classifier:random_forest:criterion': 'entropy', 'classifier:random_forest:max_depth': 'None', 'classifier:random_forest:max_features': 0.5, 'classifier:random_forest:max_leaf_nodes': 'None', 'classifier:random_forest:min_impurity_decrease': 0.0, 'classifier:random_forest:min_samples_leaf': 1, 'classifier:random_forest:min_samples_split': 2, 'classifier:random_forest:min_weight_fraction_leaf': 0.0, 'data_preprocessing:numerical_transformer:rescaling:quantile_transformer:n_quantiles': 937, 'data_preprocessing:numerical_transformer:rescaling:quantile_transformer:output_distribution': 'uniform', 'feature_preprocessor:random_trees_embedding:bootstrap': 'True', 'feature_preprocessor:random_trees_embedding:max_depth': 5, 'feature_preprocessor:random_trees_embedding:max_leaf_nodes': 'None', 'feature_preprocessor:random_trees_embedding:min_samples_leaf': 1, 'feature_preprocessor:random_trees_embedding:min_samples_split': 2, 'feature_preprocessor:random_trees_embedding:min_weight_fraction_leaf': 1.0, 'feature_preprocessor:random_trees_embedding:n_estimators': 10}",1,Success,0.0,none,random_forest,no_encoding,no_coalescense,median,quantile_transformer,random_trees_embedding,,,,,,,,,,,,,,,,,,,,,,,,,,,,,,,,,,,,,,,,,,,,,,,,,,,,,,,,,,,,,,,,,,,,,,,,,,,True,entropy,None,0.5,None,0.0,1.0,2.0,0.0,,,,,,,,,937.0,uniform,,,,,,,,,,,,,,,,,,,,,,,,,,,,,,,,,,,,,,,True,5.0,None,1.0,2.0,1.0,10.0,,,,,,,,,,,,,,,,,,,,,,
6,0.5555555555555556,1.1092243194580078,"{'balancing:strategy': 'weighting', 'classifier:__choice__': 'mlp', 'data_preprocessing:categorical_transformer:categorical_encoding:__choice__': 'no_encoding', 'data_preprocessing:categorical_transformer:category_coalescence:__choice__': 'no_coalescense', 'data_preprocessing:numerical_transformer:imputation:strategy': 'median', 'data_preprocessing:numerical_transformer:rescaling:__choice__': 'minmax', 'feature_preprocessor:__choice__': 'fast_ica', 'classifier:mlp:activation': 'relu', 'classifier:mlp:alpha': 0.02847755502162456, 'classifier:mlp:batch_size': 'auto', 'classifier:mlp:beta_1': 0.9, 'classifier:mlp:beta_2': 0.999, 'classifier:mlp:early_stopping': 'train', 'classifier:mlp:epsilon': 1e-08, 'classifier:mlp:hidden_layer_depth': 2, 'classifier:mlp:learning_rate_init': 0.000421568792103947, 'classifier:mlp:n_iter_no_change': 32, 'classifier:mlp:num_nodes_per_layer': 123, 'classifier:mlp:shuffle': 'True', 'classifier:mlp:solver': 'adam', 'classifier:mlp:tol': 0.0001, 'feature_preprocessor:fast_ica:algorithm': 'parallel', 'feature_preprocessor:fast_ica:fun': 'exp', 'feature_preprocessor:fast_ica:whiten': 'False'}",7,Success,0.0,weighting,mlp,no_encoding,no_coalescense,median,minmax,fast_ica,,,,,,,,,,,,,,,,,,,,,,,,,,,,,,,,,,,,,,,,,,,,,,,,,,,,,relu,0.02847755502162456,auto,0.9,0.999,train,1e-08,2.0,0.000421568792103947,32.0,123.0,True,adam,0.0001,,,,,,,,,,,,,,,,,,,,,,,,,,,,,,,,,,,,,,,,parallel,exp,False,,,,,,,,,,,,,,,,,,,,,,,,,,,,,,,,,,,,,,,,,,,,,,,,,,,,
7,0.0,30.030417680740356,"{'balancing:strategy': 'none', 'classifier:__choice__': 'gradient_boosting', 'data_preprocessing:categorical_transformer:categorical_encoding:__choice__': 'no_encoding', 'data_preprocessing:categorical_transformer:category_coalescence:__choice__': 'minority_coalescer', 'data_preprocessing:numerical_transformer:imputation:strategy': 'most_frequent', 'data_preprocessing:numerical_transformer:rescaling:__choice__': 'robust_scaler', 'feature_preprocessor:__choice__': 'no_preprocessing', 'classifier:gradient_boosting:early_stop': 'off', 'classifier:gradient_boosting:l2_regularization': 1e-10, 'classifier:gradient_boosting:learning_rate': 0.16262682406125173, 'classifier:gradient_boosting:loss': 'auto', 'classifier:gradient_boosting:max_bins': 255, 'classifier:gradient_boosting:max_depth': 'None', 'classifier:gradient_boosting:max_leaf_nodes': 66, 'classifier:gradient_boosting:min_samples_leaf': 20, 'classifier:gradient_boosting:scoring': 'loss', 'classifier:gradient_boosting:tol': 1e-07, 'data_preprocessing:categorical_transformer:category_coalescence:minority_coalescer:minimum_fraction': 0.005428587241449129, 'data_preprocessing:numerical_transformer:rescaling:robust_scaler:q_max': 0.75, 'data_preprocessing:numerical_transformer:rescaling:robust_scaler:q_min': 0.23746960178084334}",14,Timeout,0.0,none,gradient_boosting,no_encoding,minority_coalescer,most_frequent,robust_scaler,no_preprocessing,,,,,,,,,,,,,,,,,,,,,,,,off,1e-10,0.16262682406125173,auto,255.0,None,66.0,20.0,loss,1e-07,,,,,,,,,,,,,,,,,,,,,,,,,,,,,,,,,,,,,,,,,,,,,,,,,,,,,,,,,,0.005428587241449129,,,0.75,0.23746960178084334,,,,,,,,,,,,,,,,,,,,,,,,,,,,,,,,,,,,,,,,,,,,,,,,,,,,,,,,,,,,,,,,,
8,0.5555555555555556,0.4917590618133545,"{'balancing:strategy': 'weighting', 'classifier:__choice__': 'passive_aggressive', 'data_preprocessing:categorical_transformer:categorical_encoding:__choice__': 'no_encoding', 'data_preprocessing:categorical_transformer:category_coalescence:__choice__': 'minority_coalescer', 'data_preprocessing:numerical_transformer:imputation:strategy': 'most_frequent', 'data_preprocessing:numerical_transformer:rescaling:__choice__': 'robust_scaler', 'feature_preprocessor:__choice__': 'kitchen_sinks', 'classifier:passive_aggressive:C': 0.14833233294431605, 'classifier:passive_aggressive:average': 'True', 'classifier:passive_aggressive:fit_intercept': 'True', 'classifier:passive_aggressive:loss': 'squared_hinge', 'classifier:passive_aggressive:tol': 0.00016482166646253793, 'data_preprocessing:categorical_transformer:category_coalescence:minority_coalescer:minimum_fraction': 0.20722745113476584, 'data_preprocessing:numerical_transformer:rescaling:robust_scaler:q_max': 0.9201445143882738, 'data_preprocessing:numerical_transformer:rescaling:robust_scaler:q_min': 0.011024052631694491, 'feature_preprocessor:kitchen_sinks:gamma': 0.00013628193307668312, 'feature_preprocessor:kitchen_sinks:n_components': 148}",7,Success,0.0,weighting,passive_aggressive,no_encoding,minority_coalescer,most_frequent,robust_scaler,kitchen_sinks,,,,,,,,,,,,,,,,,,,,,,,,,,,,,,,,,,,,,,,,,,,,,,,,,,,,,,,,,,,,,,,,,,,,,0.14833233294431605,True,True,squared_hinge,0.00016482166646253793,,,,,,,,,,,,,,,,,,0.20722745113476584,,,0.9201445143882738,0.011024052631694491,,,,,,,,,,,,,,,,,,,,0.00013628193307668312,148.0,,,,,,,,,,,,,,,,,,,,,,,,,,,,,,,,,,,,,,,,,,,,
9,0.8888888888888888,1.1916179656982422,"{'balancing:strategy': 'weighting', 'classifier:__choice__': 'random_forest', 'data_preprocessing:categorical_transformer:categorical_encoding:__choice__': 'one_hot_encoding', 'data_preprocessing:categorical_transformer:category_coalescence:__choice__': 'minority_coalescer', 'data_preprocessing:numerical_transformer:imputation:strategy': 'median', 'data_preprocessing:numerical_transformer:rescaling:__choice__': 'minmax', 'feature_preprocessor:__choice__': 'extra_trees_preproc_for_classification', 'classifier:random_forest:bootstrap': 'True', 'classifier:random_forest:criterion': 'entropy', 'classifier:random_forest:max_depth': 'None', 'classifier:random_forest:max_features': 0.5805882119281688, 'classifier:random_forest:max_leaf_nodes': 'None', 'classifier:random_forest:min_impurity_decrease': 0.0, 'classifier:random_forest:min_samples_leaf': 1, 'classifier:random_forest:min_samples_split': 2, 'classifier:random_forest:min_weight_fraction_leaf': 0.0, 'data_preprocessing:categorical_transformer:category_coalescence:minority_coalescer:minimum_fraction': 0.11533421526707399, 'feature_preprocessor:extra_trees_preproc_for_classification:bootstrap': 'False', 'feature_preprocessor:extra_trees_preproc_for_classification:criterion': 'gini', 'feature_preprocessor:extra_trees_preproc_for_classification:max_depth': 'None', 'feature_preprocessor:extra_trees_preproc_for_classification:max_features': 0.8490063449951434, 'feature_preprocessor:extra_trees_preproc_for_classification:max_leaf_nodes': 'None', 'feature_preprocessor:extra_trees_preproc_for_classification:min_impurity_decrease': 0.0, 'feature_preprocessor:extra_trees_preproc_for_classification:min_samples_leaf': 9, 'feature_preprocessor:extra_trees_preproc_for_classification:min_samples_split': 2, 'feature_preprocessor:extra_trees_preproc_for_classification:min_weight_fraction_leaf': 0.0, 'feature_preprocessor:extra_trees_preproc_for_classification:n_estimators': 100}",1,Success,0.0,weighting,random_forest,one_hot_encoding,minority_coalescer,median,minmax,extra_trees_preproc_for_classification,,,,,,,,,,,,,,,,,,,,,,,,,,,,,,,,,,,,,,,,,,,,,,,,,,,,,,,,,,,,,,,,,,,,,,,,,,,True,entropy,None,0.5805882119281688,None,0.0,1.0,2.0,0.0,,,,,,,,0.11533421526707399,,,,,False,gini,None,0.8490063449951434,None,0.0,9.0,2.0,0.0,100.0,,,,,,,,,,,,,,,,,,,,,,,,,,,,,,,,,,,,,,,,,,,,,,,,,,,,,,,
10,0.8888888888888888,1.22324538230896,"{'balancing:strategy': 'none', 'classifier:__choice__': 'adaboost', 'data_preprocessing:categorical_transformer:categorical_encoding:__choice__': 'one_hot_encoding', 'data_preprocessing:categorical_transformer:category_coalescence:__choice__': 'minority_coalescer', 'data_preprocessing:numerical_transformer:imputation:strategy': 'mean', 'data_preprocessing:numerical_transformer:rescaling:__choice__': 'robust_scaler', 'feature_preprocessor:__choice__': 'extra_trees_preproc_for_classification', 'classifier:adaboost:algorithm': 'SAMME.R', 'classifier:adaboost:learning_rate': 0.046269426995092074, 'classifier:adaboost:max_depth': 3, 'classifier:adaboost:n_estimators': 406, 'data_preprocessing:categorical_transformer:category_coalescence:minority_coalescer:minimum_fraction': 0.002102242030216922, 'data_preprocessing:numerical_transformer:rescaling:robust_scaler:q_max': 0.7697572103377026, 'data_preprocessing:numerical_transformer:rescaling:robust_scaler:q_min': 0.280953821785477, 'feature_preprocessor:extra_trees_preproc_for_classification:bootstrap': 'False', 'feature_preprocessor:extra_trees_preproc_for_classification:criterion': 'entropy', 'feature_preprocessor:extra_trees_preproc_for_classification:max_depth': 'None', 'feature_preprocessor:extra_trees_preproc_for_classification:max_features': 0.40839846168190147, 'feature_preprocessor:extra_trees_preproc_for_classification:max_leaf_nodes': 'None', 'feature_preprocessor:extra_trees_preproc_for_classification:min_impurity_decrease': 0.0, 'feature_preprocessor:extra_trees_preproc_for_classification:min_samples_leaf': 4, 'feature_preprocessor:extra_trees_preproc_for_classification:min_samples_split': 7, 'feature_preprocessor:extra_trees_preproc_for_classification:min_weight_fraction_leaf': 0.0, 'feature_preprocessor:extra_trees_preproc_for_classification:n_estimators': 100}",1,Success,0.0,none,adaboost,one_hot_encoding,minority_coalescer,mean,robust_scaler,extra_trees_preproc_for_classification,SAMME.R,0.046269426995092074,3.0,406.0,,,,,,,,,,,,,,,,,,,,,,,,,,,,,,,,,,,,,,,,,,,,,,,,,,,,,,,,,,,,,,,,,,,,,,,,,,,,,,,,,,,,,,,0.002102242030216922,,,0.7697572103377026,0.280953821785477,False,entropy,None,0.40839846168190147,None,0.0,4.0,7.0,0.0,100.0,,,,,,,,,,,,,,,,,,,,,,,,,,,,,,,,,,,,,,,,,,,,,,,,,,,,,,,
11,0.0,0.49390697479248047,"{'balancing:strategy': 'weighting', 'classifier:__choice__': 'gradient_boosting', 'data_preprocessing:categorical_transformer:categorical_encoding:__choice__': 'no_encoding', 'data_preprocessing:categorical_transformer:category_coalescence:__choice__': 'minority_coalescer', 'data_preprocessing:numerical_transformer:imputation:strategy': 'most_frequent', 'data_preprocessing:numerical_transformer:rescaling:__choice__': 'robust_scaler', 'feature_preprocessor:__choice__': 'feature_agglomeration', 'classifier:gradient_boosting:early_stop': 'off', 'classifier:gradient_boosting:l2_regularization': 1.0647401999412075e-10, 'classifier:gradient_boosting:learning_rate': 0.08291320147381159, 'classifier:gradient_boosting:loss': 'auto', 'classifier:gradient_boosting:max_bins': 255, 'classifier:gradient_boosting:max_depth': 'None', 'classifier:gradient_boosting:max_leaf_nodes': 39, 'classifier:gradient_boosting:min_samples_leaf': 20, 'classifier:gradient_boosting:scoring': 'loss', 'classifier:gradient_boosting:tol': 1e-07, 'data_preprocessing:categorical_transformer:category_coalescence:minority_coalescer:minimum_fraction': 0.008520698757932555, 'data_preprocessing:numerical_transformer:rescaling:robust_scaler:q_max': 0.7710965306105907, 'data_preprocessing:numerical_transformer:rescaling:robust_scaler:q_min': 0.257333974790539, 'feature_preprocessor:feature_agglomeration:affinity': 'euclidean', 'feature_preprocessor:feature_agglomeration:linkage': 'ward', 'feature_preprocessor:feature_agglomeration:n_clusters': 25, 'feature_preprocessor:feature_agglomeration:pooling_func': 'max'}",14,Crash,0.0,weighting,gradient_boosting,no_encoding,minority_coalescer,most_frequent,robust_scaler,feature_agglomeration,,,,,,,,,,,,,,,,,,,,,,,,off,1.0647401999412075e-10,0.08291320147381159,auto,255.0,None,39.0,20.0,loss,1e-07,,,,,,,,,,,,,,,,,,,,,,,,,,,,,,,,,,,,,,,,,,,,,,,,,,,,,,,,,,0.008520698757932555,,,0.7710965306105907,0.257333974790539,,,,,,,,,,,,,,euclidean,ward,25.0,max,,,,,,,,,,,,,,,,,,,,,,,,,,,,,,,,,,,,,,,,,,,,,,,,
12,0.0,30.03419518470764,"{'balancing:strategy': 'none', 'classifier:__choice__': 'gradient_boosting', 'data_preprocessing:categorical_transformer:categorical_encoding:__choice__': 'no_encoding', 'data_preprocessing:categorical_transformer:category_coalescence:__choice__': 'no_coalescense', 'data_preprocessing:numerical_transformer:imputation:strategy': 'median', 'data_preprocessing:numerical_transformer:rescaling:__choice__': 'minmax', 'feature_preprocessor:__choice__': 'liblinear_svc_preprocessor', 'classifier:gradient_boosting:early_stop': 'train', 'classifier:gradient_boosting:l2_regularization': 0.005326508887463406, 'classifier:gradient_boosting:learning_rate': 0.060800813211425456, 'classifier:gradient_boosting:loss': 'auto', 'classifier:gradient_boosting:max_bins': 255, 'classifier:gradient_boosting:max_depth': 'None', 'classifier:gradient_boosting:max_leaf_nodes': 6, 'classifier:gradient_boosting:min_samples_leaf': 5, 'classifier:gradient_boosting:scoring': 'loss', 'classifier:gradient_boosting:tol': 1e-07, 'feature_preprocessor:liblinear_svc_preprocessor:C': 13.550960330919455, 'feature_preprocessor:liblinear_svc_preprocessor:dual': 'False', 'feature_preprocessor:liblinear_svc_preprocessor:fit_intercept': 'True', 'feature_preprocessor:liblinear_svc_preprocessor:intercept_scaling': 1, 'feature_preprocessor:liblinear_svc_preprocessor:loss': 'squared_hinge', 'feature_preprocessor:liblinear_svc_preprocessor:multi_class': 'ovr', 'feature_preprocessor:liblinear_svc_preprocessor:penalty': 'l1', 'feature_preprocessor:liblinear_svc_preprocessor:tol': 1.2958033930435781e-05, 'classifier:gradient_boosting:n_iter_no_change': 5}",14,Timeout,0.0,none,gradient_boosting,no_encoding,no_coalescense,median,minmax,liblinear_svc_preprocessor,,,,,,,,,,,,,,,,,,,,,,,,train,0.005326508887463406,0.060800813211425456,auto,255.0,None,6.0,5.0,loss,1e-07,,,,,,,,,,,,,,,,,,,,,,,,,,,,,,,,,,,,,,,,,,,,,,,,,,,,,,,,,,,,,,,,,,,,,,,,,,,,,,,,,,,,13.550960330919455,False,True,1.0,squared_hinge,ovr,l1,1.2958033930435781e-05,,,,,,,,,,,,,,,,,,,5.0,,,,,,,,,,,,,,,,,
13,0.4444444444444444,1.068789005279541,"{'balancing:strategy': 'none', 'classifier:__choice__': 'random_forest', 'data_preprocessing:categorical_transformer:categorical_encoding:__choice__': 'one_hot_encoding', 'data_preprocessing:categorical_transformer:category_coalescence:__choice__': 'minority_coalescer', 'data_preprocessing:numerical_transformer:imputation:strategy': 'most_frequent', 'data_preprocessing:numerical_transformer:rescaling:__choice__': 'standardize', 'feature_preprocessor:__choice__': 'no_preprocessing', 'classifier:random_forest:bootstrap': 'True', 'classifier:random_forest:criterion': 'entropy', 'classifier:random_forest:max_depth': 'None', 'classifier:random_forest:max_features': 0.926283631486858, 'classifier:random_forest:max_leaf_nodes': 'None', 'classifier:random_forest:min_impurity_decrease': 0.0, 'classifier:random_forest:min_samples_leaf': 7, 'classifier:random_forest:min_samples_split': 2, 'classifier:random_forest:min_weight_fraction_leaf': 0.0, 'data_preprocessing:categorical_transformer:category_coalescence:minority_coalescer:minimum_fraction': 0.16265262021972576}",10,Success,0.0,none,random_forest,one_hot_encoding,minority_coalescer,most_frequent,standardize,no_preprocessing,,,,,,,,,,,,,,,,,,,,,,,,,,,,,,,,,,,,,,,,,,,,,,,,,,,,,,,,,,,,,,,,,,,,,,,,,,,True,entropy,None,0.926283631486858,None,0.0,7.0,2.0,0.0,,,,,,,,0.16265262021972576,,,,,,,,,,,,,,,,,,,,,,,,,,,,,,,,,,,,,,,,,,,,,,,,,,,,,,,,,,,,,,,,,,,,,
14,0.0,30.008432626724243,"{'balancing:strategy': 'none', 'classifier:__choice__': 'gradient_boosting', 'data_preprocessing:categorical_transformer:categorical_encoding:__choice__': 'one_hot_encoding', 'data_preprocessing:categorical_transformer:category_coalescence:__choice__': 'minority_coalescer', 'data_preprocessing:numerical_transformer:imputation:strategy': 'median', 'data_preprocessing:numerical_transformer:rescaling:__choice__': 'robust_scaler', 'feature_preprocessor:__choice__': 'polynomial', 'classifier:gradient_boosting:early_stop': 'valid', 'classifier:gradient_boosting:l2_regularization': 0.0015246021799433245, 'classifier:gradient_boosting:learning_rate': 0.051072202871981255, 'classifier:gradient_boosting:loss': 'auto', 'classifier:gradient_boosting:max_bins': 255, 'classifier:gradient_boosting:max_depth': 'None', 'classifier:gradient_boosting:max_leaf_nodes': 377, 'classifier:gradient_boosting:min_samples_leaf': 100, 'classifier:gradient_boosting:scoring': 'loss', 'classifier:gradient_boosting:tol': 1e-07, 'data_preprocessing:categorical_transformer:category_coalescence:minority_coalescer:minimum_fraction': 0.00017040856588345187, 'data_preprocessing:numerical_transformer:rescaling:robust_scaler:q_max': 0.7372628992636477, 'data_preprocessing:numerical_transformer:rescaling:robust_scaler:q_min': 0.2449084521899531, 'feature_preprocessor:polynomial:degree': 3, 'feature_preprocessor:polynomial:include_bias': 'True', 'feature_preprocessor:polynomial:interaction_only': 'True', 'classifier:gradient_boosting:n_iter_no_change': 17, 'classifier:gradient_boosting:validation_fraction': 0.2801600670702926}",14,Timeout,0.0,none,gradient_boosting,one_hot_encoding,minority_coalescer,median,robust_scaler,polynomial,,,,,,,,,,,,,,,,,,,,,,,,valid,0.0015246021799433245,0.051072202871981255,auto,255.0,None,377.0,100.0,loss,1e-07,,,,,,,,,,,,,,,,,,,,,,,,,,,,,,,,,,,,,,,,,,,,,,,,,,,,,,,,,,0.00017040856588345187,,,0.7372628992636477,0.2449084521899531,,,,,,,,,,,,,,,,,,,,,,,,,,,,,,,,,,3.0,True,True,,,,,,,,,,,,17.0,0.2801600670702926,,,,,,,,,,,,,,,,
15,0.4444444444444444,1.020090103149414,"{'balancing:strategy': 'weighting', 'classifier:__choice__': 'extra_trees', 'data_preprocessing:categorical_transformer:categorical_encoding:__choice__': 'no_encoding', 'data_preprocessing:categorical_transformer:category_coalescence:__choice__': 'minority_coalescer', 'data_preprocessing:numerical_transformer:imputation:strategy': 'median', 'data_preprocessing:numerical_transformer:rescaling:__choice__': 'robust_scaler', 'feature_preprocessor:__choice__': 'polynomial', 'classifier:extra_trees:bootstrap': 'False', 'classifier:extra_trees:criterion': 'entropy', 'classifier:extra_trees:max_depth': 'None', 'classifier:extra_trees:max_features': 0.993803313878608, 'classifier:extra_trees:max_leaf_nodes': 'None', 'classifier:extra_trees:min_impurity_decrease': 0.0, 'classifier:extra_trees:min_samples_leaf': 2, 'classifier:extra_trees:min_samples_split': 20, 'classifier:extra_trees:min_weight_fraction_leaf': 0.0, 'data_preprocessing:categorical_transformer:category_coalescence:minority_coalescer:minimum_fraction': 0.41826215858914706, 'data_preprocessing:numerical_transformer:rescaling:robust_scaler:q_max': 0.7305615609807856, 'data_preprocessing:numerical_transformer:rescaling:robust_scaler:q_min': 0.25595970768123566, 'feature_preprocessor:polynomial:degree': 2, 'feature_preprocessor:polynomial:include_bias': 'True', 'feature_preprocessor:polynomial:interaction_only': 'True'}",10,Success,0.0,weighting,extra_trees,no_encoding,minority_coalescer,median,robust_scaler,polynomial,,,,,,,,,,,,,,,False,entropy,None,0.993803313878608,None,0.0,2.0,20.0,0.0,,,,,,,,,,,,,,,,,,,,,,,,,,,,,,,,,,,,,,,,,,,,,,,,,,,,,,,,,,,,,,,,,,,,0.41826215858914706,,,0.7305615609807856,0.25595970768123566,,,,,,,,,,,,,,,,,,,,,,,,,,,,,,,,,,2.0,True,True,,,,,,,,,,,,,,,,,,,,,,,,,,,,,
16,0.7777777777777778,0.9099941253662109,"{'balancing:strategy': 'none', 'classifier:__choice__': 'extra_trees', 'data_preprocessing:categorical_transformer:categorical_encoding:__choice__': 'one_hot_encoding', 'data_preprocessing:categorical_transformer:category_coalescence:__choice__': 'minority_coalescer', 'data_preprocessing:numerical_transformer:imputation:strategy': 'mean', 'data_preprocessing:numerical_transformer:rescaling:__choice__': 'robust_scaler', 'feature_preprocessor:__choice__': 'fast_ica', 'classifier:extra_trees:bootstrap': 'False', 'classifier:extra_trees:criterion': 'gini', 'classifier:extra_trees:max_depth': 'None', 'classifier:extra_trees:max_features': 0.4986263167495816, 'classifier:extra_trees:max_leaf_nodes': 'None', 'classifier:extra_trees:min_impurity_decrease': 0.0, 'classifier:extra_trees:min_samples_leaf': 1, 'classifier:extra_trees:min_samples_split': 4, 'classifier:extra_trees:min_weight_fraction_leaf': 0.0, 'data_preprocessing:categorical_transformer:category_coalescence:minority_coalescer:minimum_fraction': 0.011178727596662077, 'data_preprocessing:numerical_transformer:rescaling:robust_scaler:q_max': 0.8099847019996265, 'data_preprocessing:numerical_transformer:rescaling:robust_scaler:q_min': 0.1825049535210591, 'feature_preprocessor:fast_ica:algorithm': 'deflation', 'feature_preprocessor:fast_ica:fun': 'cube', 'feature_preprocessor:fast_ica:whiten': 'False'}",5,Success,0.0,none,extra_trees,one_hot_encoding,minority_coalescer,mean,robust_scaler,fast_ica,,,,,,,,,,,,,,,False,gini,None,0.4986263167495816,None,0.0,1.0,4.0,0.0,,,,,,,,,,,,,,,,,,,,,,,,,,,,,,,,,,,,,,,,,,,,,,,,,,,,,,,,,,,,,,,,,,,,0.011178727596662077,,,0.8099847019996265,0.1825049535210591,,,,,,,,,,,deflation,cube,False,,,,,,,,,,,,,,,,,,,,,,,,,,,,,,,,,,,,,,,,,,,,,,,,,,,,
17,0.4444444444444444,0.5307214260101318,"{'balancing:strategy': 'none', 'classifier:__choice__': 'adaboost', 'data_preprocessing:categorical_transformer:categorical_encoding:__choice__': 'one_hot_encoding', 'data_preprocessing:categorical_transformer:category_coalescence:__choice__': 'minority_coalescer', 'data_preprocessing:numerical_transformer:imputation:strategy': 'mean', 'data_preprocessing:numerical_transformer:rescaling:__choice__': 'normalize', 'feature_preprocessor:__choice__': 'polynomial', 'classifier:adaboost:algorithm': 'SAMME', 'classifier:adaboost:learning_rate': 0.13167493237005792, 'classifier:adaboost:max_depth': 2, 'classifier:adaboost:n_estimators': 56, 'data_preprocessing:categorical_transformer:category_coalescence:minority_coalescer:minimum_fraction': 0.05897357701860171, 'feature_preprocessor:polynomial:degree': 3, 'feature_preprocessor:polynomial:include_bias': 'False', 'feature_preprocessor:polynomial:interaction_only': 'False'}",10,Success,0.0,none,adaboost,one_hot_encoding,minority_coalescer,mean,normalize,polynomial,SAMME,0.13167493237005792,2.0,56.0,,,,,,,,,,,,,,,,,,,,,,,,,,,,,,,,,,,,,,,,,,,,,,,,,,,,,,,,,,,,,,,,,,,,,,,,,,,,,,,,,,,,,,,0.05897357701860171,,,,,,,,,,,,,,,,,,,,,,,,,,,,,,,,,,,,,,3.0,False,False,,,,,,,,,,,,,,,,,,,,,,,,,,,,,
18,0.6666666666666666,0.9523069858551025,"{'balancing:strategy': 'none', 'classifier:__choice__': 'random_forest', 'data_preprocessing:categorical_transformer:categorical_encoding:__choice__': 'no_encoding', 'data_preprocessing:categorical_transformer:category_coalescence:__choice__': 'no_coalescense', 'data_preprocessing:numerical_transformer:imputation:strategy': 'mean', 'data_preprocessing:numerical_transformer:rescaling:__choice__': 'none', 'feature_preprocessor:__choice__': 'polynomial', 'classifier:random_forest:bootstrap': 'False', 'classifier:random_forest:criterion': 'entropy', 'classifier:random_forest:max_depth': 'None', 'classifier:random_forest:max_features': 0.8829219054291442, 'classifier:random_forest:max_leaf_nodes': 'None', 'classifier:random_forest:min_impurity_decrease': 0.0, 'classifier:random_forest:min_samples_leaf': 7, 'classifier:random_forest:min_samples_split': 8, 'classifier:random_forest:min_weight_fraction_leaf': 0.0, 'feature_preprocessor:polynomial:degree': 3, 'feature_preprocessor:polynomial:include_bias': 'False', 'feature_preprocessor:polynomial:interaction_only': 'False'}",6,Success,0.0,none,random_forest,no_encoding,no_coalescense,mean,none,polynomial,,,,,,,,,,,,,,,,,,,,,,,,,,,,,,,,,,,,,,,,,,,,,,,,,,,,,,,,,,,,,,,,,,,,,,,,,,,False,entropy,None,0.8829219054291442,None,0.0,7.0,8.0,0.0,,,,,,,,,,,,,,,,,,,,,,,,,,,,,,,,,,,,,,,,,,,,,,3.0,False,False,,,,,,,,,,,,,,,,,,,,,,,,,,,,,
19,0.5555555555555556,0.9683446884155273,"{'balancing:strategy': 'weighting', 'classifier:__choice__': 'mlp', 'data_preprocessing:categorical_transformer:categorical_encoding:__choice__': 'one_hot_encoding', 'data_preprocessing:categorical_transformer:category_coalescence:__choice__': 'no_coalescense', 'data_preprocessing:numerical_transformer:imputation:strategy': 'most_frequent', 'data_preprocessing:numerical_transformer:rescaling:__choice__': 'standardize', 'feature_preprocessor:__choice__': 'extra_trees_preproc_for_classification', 'classifier:mlp:activation': 'relu', 'classifier:mlp:alpha': 0.003989533567739603, 'classifier:mlp:batch_size': 'auto', 'classifier:mlp:beta_1': 0.9, 'classifier:mlp:beta_2': 0.999, 'classifier:mlp:early_stopping': 'valid', 'classifier:mlp:epsilon': 1e-08, 'classifier:mlp:hidden_layer_depth': 2, 'classifier:mlp:learning_rate_init': 0.0009934511776384044, 'classifier:mlp:n_iter_no_change': 32, 'classifier:mlp:num_nodes_per_layer': 264, 'classifier:mlp:shuffle': 'True', 'classifier:mlp:solver': 'adam', 'classifier:mlp:tol': 0.0001, 'feature_preprocessor:extra_trees_preproc_for_classification:bootstrap': 'False', 'feature_preprocessor:extra_trees_preproc_for_classification:criterion': 'gini', 'feature_preprocessor:extra_trees_preproc_for_classification:max_depth': 'None', 'feature_preprocessor:extra_trees_preproc_for_classification:max_features': 0.683499980815128, 'feature_preprocessor:extra_trees_preproc_for_classification:max_leaf_nodes': 'None', 'feature_preprocessor:extra_trees_preproc_for_classification:min_impurity_decrease': 0.0, 'feature_preprocessor:extra_trees_preproc_for_classification:min_samples_leaf': 1, 'feature_preprocessor:extra_trees_preproc_for_classification:min_samples_split': 16, 'feature_preprocessor:extra_trees_preproc_for_classification:min_weight_fraction_leaf': 0.0, 'feature_preprocessor:extra_trees_preproc_for_classification:n_estimators': 100, 'classifier:mlp:validation_fraction': 0.1}",7,Success,0.0,weighting,mlp,one_hot_encoding,no_coalescense,most_frequent,standardize,extra_trees_preproc_for_classification,,,,,,,,,,,,,,,,,,,,,,,,,,,,,,,,,,,,,,,,,,,,,,,,,,,,,relu,0.003989533567739603,auto,0.9,0.999,valid,1e-08,2.0,0.0009934511776384044,32.0,264.0,True,adam,0.0001,,,,,,,,,,,,,,,,,,,,,,,,,,,,,,False,gini,None,0.683499980815128,None,0.0,1.0,16.0,0.0,100.0,,,,,,,,,,,,,,,,,,,,,,,,,,,,,,,,,,,,,,,,,,,0.1,,,,,,,,,,,,
